<?xml version="1.0" encoding="UTF-8"?>
<config xmlns="http://www.knime.org/2008/09/XMLConfig" xmlns:xsi="http://www.w3.org/2001/XMLSchema-instance" xsi:schemaLocation="http://www.knime.org/2008/09/XMLConfig http://www.knime.org/XMLConfig_2008_09.xsd" key="model.xml">
<entry key="version" type="xint" value="1"/>
<entry key="class_name" type="xstring" value="org.knime.base.data.normalize.NormalizerPortObject"/>
<config key="model">
<config key="columns">
<config key="Sum(Global_Sales)">
<entry key="column_name" type="xstring" value="Sum(Global_Sales)"/>
<entry key="column_scale" type="xdouble" value="0.0025033795624092524"/>
<entry key="column_translate" type="xdouble" value="-0.06689030190757522"/>
<entry key="column_min" type="xdouble" value="0.0"/>
<entry key="column_max" type="xdouble" value="1.0"/>
</config>
<config key="Mean(Global_Sales)">
<entry key="column_name" type="xstring" value="Mean(Global_Sales)"/>
<entry key="column_scale" type="xdouble" value="0.3098609812894755"/>
<entry key="column_translate" type="xdouble" value="-0.2670801748404769"/>
<entry key="column_min" type="xdouble" value="0.0"/>
<entry key="column_max" type="xdouble" value="1.0"/>
</config>
<config key="Count*(Global_Sales)">
<entry key="column_name" type="xstring" value="Count*(Global_Sales)"/>
<entry key="column_scale" type="xdouble" value="0.010752688172043012"/>
<entry key="column_translate" type="xdouble" value="-0.19354838709677422"/>
<entry key="column_min" type="xdouble" value="0.0"/>
<entry key="column_max" type="xdouble" value="1.0"/>
</config>
</config>
<entry key="summary" type="xstring" value="Min/Max (0.0, 1) normalization on 3 column(s)"/>
</config>
</config>
